{
    "executionRoleArn": "arn:aws:iam::601912882130:role/ecsTaskExecutionRole",
    "containerDefinitions": [
        {
            "logConfiguration": {
                "logDriver": "awslogs",
                "options": {
                    "awslogs-group": "/fargate/service/javalin-app",
                    "awslogs-region": "eu-west-1",
                    "awslogs-stream-prefix": "fargate"
                }
            },
            "portMappings": [
                {
                    "hostPort": 7000,
                    "protocol": "tcp",
                    "containerPort": 7000
                }
            ],
            "image": "601912882130.dkr.ecr.eu-west-1.amazonaws.com/javalin-app:425ad54",
            "name": "javalin-app"
        }
    ],
    "memory": "512",
    "family": "javalin-app-td",
    "requiresCompatibilities": [
        "FARGATE"
    ],
    "networkMode": "awsvpc",
    "cpu": "256"
   
}